SVD_K,compression_ratio
5.0,0.01524403734678525
10.0,0.03048807469357051
15.0,0.04573211204035576
20.0,0.06097614938714102
30.0,0.09146422408071153
40.0,0.12195229877428204
50.0,0.15244037346785255
60.0,0.18292844816142306
70.0,0.21341652285499357
80.0,0.24390459754856408
90.0,0.2743926722421346
100.0,0.3048807469357051
150.0,0.4573211204035576
200.0,0.6097614938714102
